cwd-2gs-saddle-cover	https://www.tackshop.in/product-images/CWD+Saddle+Cover+-+02.png/1134286000004956565/1100x1100
cwd-breastplate-adjustable-bridge	https://www.tackshop.in/product-images/Pastel+Modern+Fashion+New+Collection+Pinterest+Pin+Post+-+2025-04-18T002327.918.png/1134286000003777165/1100x1100
cwd-cap	https://www.tackshop.in/product-images/Pastel+Modern+Fashion+New+Collection+Pinterest+Pin+Post+-+2025-04-17T175529.764.png/1134286000003761839/1100x1100
cwd-figure-8-bridle-regular	https://www.tackshop.in/product-images/Pastel+Modern+Fashion+New+Collection+Pinterest+Pin+Post+-+2025-04-18T004446.554.png/1134286000003777483/1100x1100
cwd-french-nose-band-bridle	https://www.tackshop.in/product-images/Pastel+Modern+Fashion+New+Collection+Pinterest+Pin+Post+-+2025-04-18T091527.807.png/1134286000003783151/1100x1100
cwd-glycerine-soap-250ml	https://www.tackshop.in/product-images/Pastel+Modern+Fashion+New+Collection+Pinterest+Pin+Post+-+2025-04-17T174820.074.png/1134286000003761683/1100x1100
cwd-grooms-backpack	https://www.tackshop.in/product-images/CWD+Groom%27s+Back+Pack.png/1134286000004956135/1100x1100
cwd-ipulse-girth	https://www.tackshop.in/product-images/Pastel+Modern+Fashion+New+Collection+Pinterest+Pin+Post+-+2025-04-18T091204.316.png/1134286000003783183/1100x1100
cwd-jumping-ear-bonnet-black	https://www.tackshop.in/product-images/Pastel+Modern+Fashion+New+Collection+Pinterest+Pin+Post+-+2025-04-17T180643.602.png/1134286000003777009/1100x1100
cwd-leather-conditioner-250ml	https://www.tackshop.in/product-images/Pastel+Modern+Fashion+New+Collection+Pinterest+Pin+Post+-+2025-04-17T180437.889.png/1134286000003777127/1100x1100
cwd-loop-leather-reins	https://www.tackshop.in/product-images/Pastel+Modern+Fashion+New+Collection+Pinterest+Pin+Post+-+2025-04-18T010231.143.png/1134286000003777801/1100x1100
cwd-paris-black-cap	https://www.tackshop.in/product-images/CWD+Paris+Black+Cap.png/1134286000005001009/1100x1100
cwd-rain-quarter-sheet	https://www.tackshop.in/product-images/Pastel+Modern+Fashion+New+Collection+Pinterest+Pin+Post+-+2025-04-17T180503.021.png/1134286000003777059/1100x1100
cwd-saddle-care-kit	https://www.tackshop.in/product-images/Pastel+Modern+Fashion+New+Collection+Pinterest+Pin+Post+-+2025-04-17T180352.185.png/1134286000003777085/1100x1100
cwd-saddle-dynamick-2gs-xt	https://www.tackshop.in/product-images/Pastel+Modern+Fashion+New+Collection+Pinterest+Pin+Post+-+2025-04-18T004832.563.png/1134286000003777619/1100x1100
cwd-saddle-pad	https://www.tackshop.in/product-images/Pastel+Modern+Fashion+New+Collection+Pinterest+Pin+Post+-+2025-04-17T180252.239.png/1134286000003777097/1100x1100
cwd-softshell-jacket-unisex	https://www.tackshop.in/product-images/CWD+Soft-Shell+Jacket+%284%29.png/1134286000004954494/1100x1100
cwd-spur-covers	https://www.tackshop.in/product-images/Pastel+Modern+Fashion+New+Collection+Pinterest+Pin+Post+-+2025-04-18T092011.901+-+Copy.png/1134286000003783229/1100x1100
cwd-stirrup-leathers-nylon-lined-black-105cm	https://www.tackshop.in/product-images/Pastel+Modern+Fashion+New+Collection+Pinterest+Pin+Post+-+2025-04-18T010014.589.png/1134286000003777857/1100x1100
cwd-stirrup-leathers-sojump	https://www.tackshop.in/product-images/Pastel+Modern+Fashion+New+Collection+Pinterest+Pin+Post+-+2025-04-18T003731.867.png/1134286000003777375/1100x1100
cwd-t-shirt-unisex	https://www.tackshop.in/product-images/CWD+T+Shirt+-+01.png/1134286000004745030/1100x1100
cwd-t-shirt-women	https://www.tackshop.in/product-images/CWD+White+T+Shirt+Women+-+01.png/1134286000004956770/1100x1100
cwd-velcro-fetlock-boots	https://www.tackshop.in/product-images/Pastel+Modern+Fashion+New+Collection+Pinterest+Pin+Post+-+2025-04-18T003221.987.png/1134286000003777289/1100x1100
cwd-velcro-tendon-boots	https://www.tackshop.in/product-images/Pastel+Modern+Fashion+New+Collection+Pinterest+Pin+Post+-+2025-04-18T003852.826.png/1134286000003777415/1100x1100
cwd-weighted-fetlock-boots	https://www.tackshop.in/product-images/Pastel+Modern+Fashion+New+Collection+Pinterest+Pin+Post+-+2025-04-18T013001.368.png/1134286000003782173/1100x1100
cwd-white-polo-shirt-men	https://www.tackshop.in/product-images/CWD+White+Polo+Shirt+Men.png/1134286000004945297/1100x1100
cwd-white-polo-shirt-women	https://www.tackshop.in/product-images/CWD+White+Polo+Shirt+Women+3.png/1134286000004956492/1100x1100
cwd-girth-anatomic-jumping-115cm	https://www.tackshop.in/product-images/Pastel+Modern+Fashion+New+Collection+Pinterest+Pin+Post+-+2025-04-18T010519.306.png/1134286000003777919/1100x1100