equitheme-airsafe-adult-air-vest	https://www.tackshop.in/product-images/EQUITH%C3%88ME+-+Airsafe+-+Airbag+Vest.png/1134286000006852229/1100x1100
equitheme-bale-show-jacket-black-38-ladies	https://www.tackshop.in/product-images/EQUITH%C3%88ME+Bale+Competition+Jacket+-+Black.png/1134286000006852790/1100x1100
equitheme-brussels-women-s-competition-polo-shirt	https://www.tackshop.in/product-images/EQUITH%C3%88ME+-+Brussels+-+Polo+Shirt+-+White+-+Women.png/1134286000006854637/1100x1100
equitheme-classic-socks	https://www.tackshop.in/product-images/EQUITH%C3%88ME+-+Classic+-+Socks+-+Anthracite.png/1134286000006852115/1100x1100
equitheme-competition-doha-polo-short-sleeves	https://www.tackshop.in/product-images/Equith%C3%A8me+Doha+Polo+-+Navy.png/1134286000011590430/1100x1100
equitheme-competition-funza-polo	https://www.tackshop.in/product-images/Equith%C3%A8me+Funza+Polo+-+White+%282%29.png/1134286000011590478/1100x1100
equitheme-competition-london-polo	https://www.tackshop.in/product-images/Equith%C3%A8me+London+Polo+Black+%282%29.png/1134286000011583936/1100x1100
equitheme-competition-wellington-polo-kids	https://www.tackshop.in/product-images/EQUITH%C3%88ME+Show+Polo+%E2%80%93+Wellington%2C+White+Kids.png/1134286000007048280/1100x1100
equitheme-eliot-pant	https://www.tackshop.in/product-images/EQUITH%C3%88ME+-+Eliot+-+Breeches+black.png/1134286000006852403/1100x1100
equitheme-glint-mat-helmet-black-l-58-60	https://www.tackshop.in/product-images/Equith%C3%A8me+Glint+Mat+-+Black+Silver.png/1134286000011590356/1100x1100
equitheme-jacquard-lead-rope-2m	https://www.tackshop.in/product-images/JACQUARD+LEAD+ROPE+2M+gold.png/1134286000006853656/1100x1100
equitheme-pullon-brigette-sfs-women-breeches	https://www.tackshop.in/product-images/EQUITH%C3%88ME+Silicone+Full+Seat+Leggings+%E2%80%93+Pullon+Brigitte%2C+Black.png/1134286000007048104/1100x1100
equitheme-sam-breeches	https://www.tackshop.in/product-images/EQUITH%C3%88ME+-+Sam+-+Breeches.png/1134286000006852669/1100x1100
equitheme-soft-classic-jacket-ladies	https://www.tackshop.in/product-images/EQUITH%C3%88ME+-+Soft+Classic+-+Competition+Jacket+-+Women.png/1134286000007048382/1100x1100
equitheme-trevira-clip-on-tie	https://www.tackshop.in/product-images/EQUITH%C3%88ME+-+Trevira+-+Clip-On+Tie%2C+White.png/1134286000006853768/1100x1100
equitheme-wellington-competition-polo-men	https://www.tackshop.in/product-images/EQUITH%C3%88ME+Show+Polo+%E2%80%93+Wellington%2C+navy.png/1134286000006854399/1100x1100
equitheme-soft-classic-competition-jacket-navy-8-kids	https://www.tackshop.in/product-images/EQUITH%C3%88ME+-+Soft+Classic+-+Competition+Jacket+-+Kids+%282%29.png/1134286000006853039/1100x1100
