eskadron-bell-boots-neo-basics	https://www.tackshop.in/product-images/Pastel+Modern+Fashion+New+Collection+Pinterest+Pin+Post+-+2025-04-09T105023.787.png/1134286000003646521/1100x1100
eskadron-fetlock-boots	https://www.tackshop.in/product-images/Pastel+Modern+Fashion+New+Collection+Pinterest+Pin+Post+-+2025-04-09T105603.217.png/1134286000003646581/1100x1100
eskadron-fly-hood-sport-basics	https://www.tackshop.in/product-images/Pastel+Modern+Fashion+New+Collection+Pinterest+Pin+Post+-+2025-04-09T110407.080.png/1134286000003646769/1100x1100
eskadron-fly-mask-dynair-mesh-dynamic	https://www.tackshop.in/product-images/Pastel+Modern+Fashion+New+Collection+Pinterest+Pin+Post+-+2025-04-09T105941.041.png/1134286000003646953/1100x1100
eskadron-head-collar-fly-protect-black-v	https://www.tackshop.in/product-images/Pastel+Modern+Fashion+New+Collection+Pinterest+Pin+Post+-+2025-04-09T105903.337.png/1134286000003646975/1100x1100
eskadron-tail-guard-neo-tail-basics	https://www.tackshop.in/product-images/Pastel+Modern+Fashion+New+Collection+Pinterest+Pin+Post+-+2025-04-09T104423.093.png/1134286000003646307/1100x1100
eskadron-tendon-boots-mesh	https://www.tackshop.in/product-images/Pastel+Modern+Fashion+New+Collection+Pinterest+Pin+Post+-+2025-04-09T104644.668.png/1134286000003646401/1100x1100
eskadron-tendon-boots-flexisoft-f-tendon-boots	https://www.tackshop.in/product-images/Pastel+Modern+Fashion+New+Collection+Pinterest+Pin+Post+-+2025-04-09T103903.418.png/1134286000003646201/1100x1100
eskadron-tendon-boots-softshell	https://www.tackshop.in/product-images/Pastel+Modern+Fashion+New+Collection+Pinterest+Pin+Post+-+2025-04-09T110458.128.png/1134286000003646755/1100x1100
eskadron-travelling-boots-mesh-set	https://www.tackshop.in/product-images/Pastel+Modern+Fashion+New+Collection+Pinterest+Pin+Post+-+2025-04-09T105840.036.png/1134286000003646652/1100x1100
eskadron-travelling-boots-ripstop	https://www.tackshop.in/product-images/Pastel+Modern+Fashion+New+Collection+Pinterest+Pin+Post+-+2025-04-09T105544.379.png/1134286000003646611/1100x1100
