freejump-saddle-pad-saddle-pads	https://www.tackshop.in/product-images/Pastel+Modern+Fashion+New+Collection+Pinterest+Pin+Post+-+2025-04-07T233730.388.png/1134286000003545918/1100x1100
freejump-air-s-stirrups-angled-bs-flat-grip	https://www.tackshop.in/product-images/Pastel+Modern+Fashion+New+Collection+Pinterest+Pin+Post+-+2025-04-08T002052.484.png/1134286000003553176/1100x1100
freejump-airbag	https://www.tackshop.in/product-images/Freejump+Airbag+Air+Vest.png/1134286000005072758/1100x1100
freejump-airbag-active-cleaner-200ml	https://www.tackshop.in/product-images/Freejump+Hey+Airbag+Active+Cleaner.png/1134286000014240014/1100x1100
freejump-airbag-child	https://www.tackshop.in/product-images/Freejump+Airbag+Air+Vest+Child+%282%29.png/1134286000005072811/1100x1100
freejump-america-chaps	https://www.tackshop.in/product-images/Pastel+Modern+Fashion+New+Collection+Pinterest+Pin+Post+-+2025-04-07T145345.062.png/1134286000003545890/1100x1100
freejump-cartridge-50cc	https://www.tackshop.in/product-images/Freejump+Canister.png/1134286000008244865/1100x1100
freejump-ear-bonnet	https://www.tackshop.in/product-images/Freejump+Ear+Bonnet+Black-Red.png/1134286000004956793/1100x1100
freejump-key-ball-lanyard	https://www.tackshop.in/product-images/Freejump+Keyball+Lanyard.png/1134286000005087966/1100x1100
freejump-liberty-chaps	https://www.tackshop.in/product-images/Pastel+Modern+Fashion+New+Collection+Pinterest+Pin+Post+-+2025-04-08T003314.495.png/1134286000003553274/1100x1100
freejump-liberty-shoes	https://www.tackshop.in/product-images/Pastel+Modern+Fashion+New+Collection+Pinterest+Pin+Post+-+2025-04-08T003638.561.png/1134286000003553290/1100x1100
freejump-pro-kit-1key-18-studs	https://www.tackshop.in/product-images/Freejump+Pro%2B+Kit+-+1.png/1134286000004956883/1100x1100
freejump-saddle-strap	https://www.tackshop.in/product-images/Freejump+Saddle+Strap+Y+Safety+Lanyard.png/1134286000005087876/1100x1100
freejump-soft-up-pro-stirrups	https://www.tackshop.in/product-images/Pastel+Modern+Fashion+New+Collection+Pinterest+Pin+Post+-+2025-04-08T004805.989.png/1134286000003553346/1100x1100
freejump-spur-straps	https://www.tackshop.in/product-images/Pastel+Modern+Fashion+New+Collection+Pinterest+Pin+Post+-+2025-04-08T005112.450.png/1134286000003553392/1100x1100
freejump-spur-one-disc	https://www.tackshop.in/product-images/Pastel+Modern+Fashion+New+Collection+Pinterest+Pin+Post+%2839%29.png/1134286000004224445/1100x1100
freejump-stirrups-air-s-dressage-edition-gold-dressage-edition-angled-eye	https://www.tackshop.in/product-images/Pastel+Modern+Fashion+New+Collection+Pinterest+Pin+Post+-+2025-04-07T234218.056.png/1134286000003545974/1100x1100
freejump-technical-horse-riding-socks	https://www.tackshop.in/product-images/Freejump+Technical+Horse+Riding+Socks+%282%29.png/1134286000008523627/1100x1100
freejump-voronoi-ear-foams	https://www.tackshop.in/product-images/Freejump+Voronoi+Ear+Foams.png/1134286000005080635/1100x1100
freejump-voronoi-lining-l60	https://www.tackshop.in/product-images/Freejump+Voronoi+Helmet+Liner.png/1134286000005080702/1100x1100
freejump-voronoi-helmet-with-temple-protection	https://www.tackshop.in/product-images/Freejump+Voronoi+Helmet+-+Black.png/1134286000005072302/1100x1100
freejump-voronoi-temple-protection	https://www.tackshop.in/product-images/Freejump+Voronoi+Temple+Protection+%282%29.png/1134286000005087696/1100x1100
