samshield-avoriaz-downvest	https://www.tackshop.in/product-images/Pastel+Modern+Fashion+New+Collection+Pinterest+Pin+Post+-+2025-04-10T102914.592.png/1134286000003661711/1100x1100
samshield-breeches-edouard	https://www.tackshop.in/product-images/Pastel+Modern+Fashion+New+Collection+Pinterest+Pin+Post+-+2025-04-16T104457.545.png/1134286000003749749/1100x1100
samshield-breeches-edouard-mattmen	https://www.tackshop.in/product-images/Pastel+Modern+Fashion+New+Collection+Pinterest+Pin+Post+-+2025-04-10T101648.744.png/1134286000003661555/1100x1100
samshield-christophe-showshirt	https://www.tackshop.in/product-images/Pastel+Modern+Fashion+New+Collection+Pinterest+Pin+Post+-+2025-04-10T101002.806.png/1134286000003661133/1100x1100
samshield-christophe-showshirt-long-sleeve	https://www.tackshop.in/product-images/Pastel+Modern+Fashion+New+Collection+Pinterest+Pin+Post+-+2025-04-17T140248.927.png/1134286000003761549/1100x1100
samshield-dorian-t-shirt-t-shirt	https://www.tackshop.in/product-images/Pastel+Modern+Fashion+New+Collection+Pinterest+Pin+Post+-+2025-04-17T135147.257.png/1134286000003761473/1100x1100
samshield-gena-jacket	https://www.tackshop.in/product-images/Pastel+Modern+Fashion+New+Collection+Pinterest+Pin+Post+-+2025-04-17T121801.817.png/1134286000003761417/1100x1100
samshield-icon-pack-backpack	https://www.tackshop.in/product-images/Pastel+Modern+Fashion+New+Collection+Pinterest+Pin+Post+-+2025-04-16T113001.811.png/1134286000003749897/1100x1100
samshield-jacket-victorine-satin	https://www.tackshop.in/product-images/Pastel+Modern+Fashion+New+Collection+Pinterest+Pin+Post+-+2025-04-16T102831.712.png/1134286000003749569/1100x1100
samshield-key-ring	https://www.tackshop.in/product-images/Pastel+Modern+Fashion+New+Collection+Pinterest+Pin+Post+-+2025-04-16T100831.146.png/1134286000003749531/1100x1100
samshield-liam-t-shirt	https://www.tackshop.in/product-images/Pastel+Modern+Fashion+New+Collection+Pinterest+Pin+Post+-+2025-04-16T114509.656.png/1134286000003752097/1100x1100
samshield-noe-jacket	https://www.tackshop.in/product-images/Pastel+Modern+Fashion+New+Collection+Pinterest+Pin+Post+-+2025-04-17T135414.043.png/1134286000003761513/1100x1100
samshield-niels-t-shirt	https://www.tackshop.in/product-images/Pastel+Modern+Fashion+New+Collection+Pinterest+Pin+Post+-+2025-04-16T103327.566.png/1134286000003749629/1100x1100
samshield-shadow-liner	https://www.tackshop.in/product-images/Samshield+Shadow+Liner+%283%29.png/1134286000005069589/1100x1100
samshield-shadow-liner-asian	https://www.tackshop.in/product-images/Samshield+Shadow+Liner+%283%29.png/1134286000005069739/1100x1100
samshield-shadowmatt-helmet	https://www.tackshop.in/product-images/Samshield+Shadowmatt+Helmet+1.0+-+Black.png/1134286000005050019/1100x1100
samshield-show-jacket-louis-air	https://www.tackshop.in/product-images/Pastel+Modern+Fashion+New+Collection+Pinterest+Pin+Post+-+2025-04-16T112941.399.png/1134286000003752019/1100x1100
samshield-show-jacket-louis-matt	https://www.tackshop.in/product-images/Pastel+Modern+Fashion+New+Collection+Pinterest+Pin+Post+-+2025-04-17T113643.256.png/1134286000003761073/1100x1100
samshield-show-jacket-louis-42-light	https://www.tackshop.in/product-images/Pastel+Modern+Fashion+New+Collection+Pinterest+Pin+Post+-+2025-04-16T103602.158.png/1134286000003749663/1100x1100
samshield-socks-balzane-air	https://www.tackshop.in/product-images/Pastel+Modern+Fashion+New+Collection+Pinterest+Pin+Post+-+2025-04-16T124720.854.png/1134286000003752479/1100x1100
samshield-socks-balzane-grid	https://www.tackshop.in/product-images/Pastel+Modern+Fashion+New+Collection+Pinterest+Pin+Post+-+2025-04-16T122959.174.png/1134286000003752429/1100x1100
samshield-socks-balzane-print	https://www.tackshop.in/product-images/Pastel+Modern+Fashion+New+Collection+Pinterest+Pin+Post+-+2025-04-16T115833.853.png/1134286000003752263/1100x1100
samshield-socks-balzane-soft	https://www.tackshop.in/product-images/Pastel+Modern+Fashion+New+Collection+Pinterest+Pin+Post+-+2025-04-16T115511.347.png/1134286000003752235/1100x1100
samshield-t-shirt-ava	https://www.tackshop.in/product-images/ava+%2818%29-Photoroom.png/1134286000003761373/1100x1100
samshield-xc-xj-liner-closed	https://www.tackshop.in/product-images/Samshield+XJ+Liner+Closed+%282%29.png/1134286000005080460/1100x1100
samshield-xc-xj-liner-open	https://www.tackshop.in/product-images/Samshield+XJ+Liner+Open.png/1134286000005080597/1100x1100
samshield-xj-chrome-helmet	https://www.tackshop.in/product-images/Samshield+XJ+Helmet+Blue.png/1134286000005103137/1100x1100
samshield-xj-chrome-matt-helmet	https://www.tackshop.in/product-images/samshield_xj_matt_blk01.webp/1134286000004492295/1100x1100
